jisoo,,,,,,,,,,,,
id,img name,Category,Color,Attribute1,Attribute 2,Attribute 3,Similar_img1,Similar_img2,Similar_img3,URL_1,URL_2,URL_3
1,js_1,Dress,76747E,mini_length,crew_neckline,cotton,striped_dress_45.png,striped_dress_61.png,striped_dress_43.png,https://www.amazon.com/Amazon-Essentials-Womens-Standard-Sleeveless/dp/B07YLJLFN4/ref=sr_1_45?dchild=1&keywords=striped+dress&qid=1622537926&s=apparel&sr=1-45,https://www.amazon.com/gp/slredirect/picassoRedirect.html/ref=pa_sp_atf_next_fashion-womens-clothing_sr_pg2_1?ie=UTF8&adId=A07723792F2HM760Z0NX5&url=%2FCNFIO-Dresses-Oversized-Striped-Pockets%2Fdp%2FB0859XV3JV%2Fref%3Dsr_1_49_sspa%3Fdchild%3D1%26keywords%3Dstriped%2Bdress%26qid%3D1622537937%26s%3Dapparel%26sr%3D1-49-spons%26psc%3D1%26smid%3DA3L367MQ3UOE1V&qualifier=1622537937&id=8709605469290481&widgetName=sp_atf_next,https://www.amazon.com/Lacoste-Womens-Sleeve-Striped-Blueflour/dp/B07SX8T3CX/ref=sr_1_43?dchild=1&keywords=striped+dress&qid=1622537926&s=apparel&sr=1-43
2,js_2,Cardigan,FDF9F2,crew_neckline,cotton,long_sleeve,white_cardigan_16.png,white_cardigan_82.png,white_cardigan_23.png,https://www.amazon.com/Women-Button-Cardigan-Sweater-Outwear/dp/B07W3S7VSL/ref=sr_1_16?dchild=1&keywords=white+cardigan&qid=1622595697&rnid=2941120011&s=apparel&sr=1-16,https://www.amazon.com/CPOKRTWSO-Womens-Sweater-Cardigan-Lightweight/dp/B07ZFZWDPJ/ref=sr_1_70?dchild=1&keywords=white+cardigan&qid=1622595710&rnid=2941120011&s=apparel&sr=1-70,https://www.amazon.com/GRACE-KARIN-Sweater-Cardigans-Juniors/dp/B07D35YBGW/ref=sr_1_23?dchild=1&keywords=white+cardigan&qid=1622595697&rnid=2941120011&s=apparel&sr=1-23
3,js_3,Shorts,C1C5DC,mini_length,cotton,loose,denim_shorts_75.png,denim_shorts_33.png,denim_shorts_26.png,https://www.amazon.com/Plaid-Plain-Womens-Waisted-Shorts/dp/B0725NN3CT/ref=sr_1_63?dchild=1&keywords=denim+shorts&qid=1622544579&s=apparel&sr=1-63,https://www.amazon.com/Vetinee-Womens-Summer-Distressed-Bermuda/dp/B092VXDV4H/ref=sr_1_33_sspa?dchild=1&keywords=denim+shorts&qid=1622544568&s=apparel&sr=1-33-spons&psc=1&spLa=ZW5jcnlwdGVkUXVhbGlmaWVyPUEzUEJSVVNNV0NPSE01JmVuY3J5cHRlZElkPUEwNTI4NzgxMTBSUUNRTjRFNElCNSZlbmNyeXB0ZWRBZElkPUExMDIwOTE0MkQzME4zSDNFSVpVSiZ3aWRnZXROYW1lPXNwX210ZiZhY3Rpb249Y2xpY2tSZWRpcmVjdCZkb05vdExvZ0NsaWNrPXRydWU=,https://www.amazon.com/Milumia-Womens-Casual-Rolled-5-Pockets/dp/B07P7JF8DY/ref=sr_1_26?dchild=1&keywords=denim+shorts&qid=1622544568&s=apparel&sr=1-26
4,js_5,Dress,171D20,short_sleeve,mini_length,cotton,black_floral_dress_45.png,black_floral_dress_75.png,black_floral_dress_4.png,https://www.amazon.com/ECOWISH-Sleeve-Floral-Pattern-Irregular/dp/B081S2KD6J/ref=sr_1_45?dchild=1&keywords=black+floral+dress&qid=1622615438&s=fashion-womens-intl-ship&sr=1-45,https://www.amazon.com/BTFBM-Dresses-Sleeveless-Leopard-X-Large/dp/B08QS32ZY3/ref=sr_1_75?dchild=1&keywords=black+floral+dress&qid=1622615450&s=fashion-womens-intl-ship&sr=1-75,https://www.amazon.com/Relipop-Summer-Sleeve-Casual-Dresses/dp/B07FF4VHV9/ref=sr_1_4?dchild=1&keywords=black+floral+dress&qid=1622615438&s=fashion-womens-intl-ship&sr=1-44
5,js_9,Dress,EFCB59,square_neckline,short_sleeve,maxi_length,yellow_puff_sleeve_dress_7.png,yellow_puff_sleeve_dress_64.png,yellow_puff_sleeve_dress_76.png,https://www.amazon.com/Lark-Ro-Womens-Romantic-Sleeve/dp/B07YM2RW3K/ref=sr_1_7?dchild=1&keywords=puff+sleeve+dress&qid=1622617953&refinements=p_n_size_browse-vebin%3A2343358011%7C2343364011&rnid=2343347011&s=fashion-womens-intl-ship&sr=1-7,https://www.amazon.com/Kormei-Ruffled-Vintage-Elegant-Backless/dp/B08T8TCV3W/ref=sr_1_64?dchild=1&keywords=puff+sleeve+dress&qid=1622617962&refinements=p_n_size_browse-vebin%3A2343358011%7C2343364011&rnid=2343347011&s=fashion-womens-intl-ship&sr=1-64,https://www.amazon.com/Verdusa-Womens-Guipure-Shoulder-Bodycon/dp/B08F526DWT/ref=sr_1_76?dchild=1&keywords=puff+sleeve+dress&qid=1622617962&refinements=p_n_size_browse-vebin%3A2343358011%7C2343364011&rnid=2343347011&s=fashion-womens-intl-ship&sr=1-76
6,js_11,Dress,1E1B22,crew_neckline,mini_length,short_sleeve,lace_dress_90.png,lace_dress_51.png,lace_dress_69.png,https://www.amazon.com/Miusol-Womens-Vintage-Floral-Cocktail/dp/B01MUS3J9X/ref=sr_1_78?dchild=1&keywords=lace+dress&qid=1622539081&s=apparel&sr=1-78,https://www.amazon.com/MAKEMECHIC-Womens-Casual-Crewneck-Chiffon/dp/B06XRSZWKC/ref=sr_1_51?dchild=1&keywords=lace+dress&qid=1622539068&s=apparel&sr=1-51,https://www.amazon.com/VFSHOW-Womens-Floral-Shoulder-Sleeve/dp/B07JX7HK3D/ref=sr_1_57?dchild=1&keywords=lace+dress&qid=1622539081&s=apparel&sr=1-57
7,js_18,Jacket,4A4C4D,solid,long_sleeve,cotton,grey_blazer_55.png,grey_blazer_52.png,grey_blazer_26.png,https://www.amazon.com/gp/slredirect/picassoRedirect.html/ref=pa_sp_btf_fashion-womens-clothing_sr_pg1_1?ie=UTF8&adId=A013320017F0ATNOU78YI&url=%2FCicy-Bell-Blazers-Jackets-X-Large%2Fdp%2FB082CN92JZ%2Fref%3Dsr_1_55_sspa%3Fdchild%3D1%26keywords%3Dtwo%2Bbutton%2Bblazer%26qid%3D1622621720%26refinements%3Dp_n_size_browse-vebin%253A2343354011%26rnid%3D2343347011%26s%3Dapparel%26sr%3D1-55-spons%26psc%3D1%26smid%3DA24PX1KQ5C5Z58&qualifier=1622621720&id=7112619838532147&widgetName=sp_btf,https://www.amazon.com/Boston-Proper-Beyond-Travel-Boyfriend/dp/B088SXB34V/ref=sr_1_52?dchild=1&keywords=two+button+blazer&qid=1622621720&refinements=p_n_size_browse-vebin%3A2343354011&rnid=2343347011&s=apparel&sr=1-52,https://www.amazon.com/gp/slredirect/picassoRedirect.html/ref=pa_sp_mtf_fashion-womens-clothing_sr_pg1_1?ie=UTF8&adId=A09148001LNHPHVY0P0MV&url=%2FCicy-Bell-Womens-Casual-Buttons%2Fdp%2FB08DHF56KH%2Fref%3Dsr_1_26_sspa%3Fdchild%3D1%26keywords%3Dtwo%2Bbutton%2Bblazer%26qid%3D1622621720%26refinements%3Dp_n_size_browse-vebin%253A2343354011%26rnid%3D2343347011%26s%3Dapparel%26sr%3D1-26-spons%26psc%3D1%26smid%3DA24PX1KQ5C5Z58&qualifier=1622621720&id=7112619838532147&widgetName=sp_mtf
8,js_new_1,Blazer,DFDCE1,solid,long_sleeve,cotton,beige_blazer_42.png,beige_blazer_43.png,beige_blazer_25.png,https://www.amazon.com/Ofenbuy-Womens-Lightweight-Cardigan-Blazers/dp/B07PVNJXF2/ref=sr_1_42?dchild=1&keywords=blazer&qid=1622698215&refinements=p_n_size_browse-vebin%3A2343348011&rnid=2343347011&s=fashion-womens-intl-ship&sr=1-42,https://www.amazon.com/Tahari-ASL-Womens-Button-Striped/dp/B083LVNWR6/ref=sr_1_43?dchild=1&keywords=blazer&qid=1622698215&refinements=p_n_size_browse-vebin%3A2343348011&rnid=2343347011&s=fashion-womens-intl-ship&sr=1-43,https://www.amazon.com/Tahari-Womens-Riesling-Stretch-Blazer/dp/B078YQZN4Z/ref=sr_1_25?dchild=1&keywords=blazer&qid=1622698215&refinements=p_n_size_browse-vebin%3A2343348011&rnid=2343347011&s=fashion-womens-intl-ship&sr=1-25
9,js_new_8,Dress,D7C5E2,crew_neckline,short_sleeve,maxi_length,purple_puff_sleeve_dress_31.png,purple_puff_sleeve_dress_37.png,purple_puff_sleeve_dress_8.png,https://www.amazon.com/Vintage-Ruffled-Cottage-Peasant-Shoulder/dp/B091CPVKCG/ref=sr_1_31?dchild=1&keywords=puff+sleeve+dress&qid=1622699774&refinements=p_n_size_browse-vebin%3A2343360011&rnid=2343347011&s=apparel&sr=1-31,https://www.amazon.com/New-Puff-Sleeve-Belted-Sheath-Purple/dp/B08RPCB8TN/ref=sr_1_37?dchild=1&keywords=puff+sleeve+dress&qid=1622699774&refinements=p_n_size_browse-vebin%3A2343360011&rnid=2343347011&s=apparel&sr=1-37,https://www.amazon.com/Milumia-Womens-Lettuce-Bodycon-X-Large/dp/B08QHBQGVB/ref=sr_1_8?dchild=1&keywords=puff+sleeve+dress&qid=1622699774&refinements=p_n_size_browse-vebin%3A2343360011&rnid=2343347011&s=apparel&sr=1-8
10,js_new_10,Tee,E7EDF4,cotton,crew_neckline,long_sleeve,white_crop_tee_42.png,white_crop_tee_10.png,white_crop_tee_8.png,https://www.amazon.com/Muzniuer-Sleeve-Basic-Solid-Thumb/dp/B08NHQPXYD/ref=sr_1_42?dchild=1&keywords=long+sleeve+crop&qid=1622703634&refinements=p_n_size_browse-vebin%3A2343363011&rnid=2343347011&s=apparel&sr=1-42,https://www.amazon.com/SweatyRocks-Womens-Sleeve-T-Shirt-1-White/dp/B07HGQVKSG/ref=sr_1_10?dchild=1&keywords=long+sleeve+crop&qid=1622703634&refinements=p_n_size_browse-vebin%3A2343363011&rnid=2343347011&s=apparel&sr=1-10,https://www.amazon.com/Womens-Ribbed-Round-Sleeve-Ruched/dp/B08LP73JZ8/ref=sr_1_8?dchild=1&keywords=long+sleeve+crop&qid=1622703634&refinements=p_n_size_browse-vebin%3A2343363011&rnid=2343347011&s=apparel&sr=1-8
jennie,,,,,,,,,,,,
id,img name,Category,Color,Attribute1,Attribute 2,Attribute 3,Similar_img1,Similar_img2,Similar_img3,URL_1,URL_2,URL_3
1,jn_3,Tee,FFC0D6,tight,v_neckline,short_sleeve,pink_puff_sleeve_tee_17.png,pink_puff_sleeve_tee_23.png,pink_puff_sleeve_tee_3.png,https://www.amazon.com/Floerns-Womens-Layered-Ruffle-Sleeve/dp/B07FT4Q3MX/ref=sr_1_17?dchild=1&keywords=puff+short+sleeve+tshirt&qid=1622631471&refinements=p_n_size_browse-vebin%3A2343359011&rnid=1040660&s=fashion-womens-intl-ship&sr=1-17,https://www.amazon.com/DOROSE-Womens-Sleeve-Shirts-T-Shirts/dp/B08SM4ZSW7/ref=sr_1_23?dchild=1&keywords=puff+short+sleeve+tshirt&qid=1622631471&refinements=p_n_size_browse-vebin%3A2343359011&rnid=1040660&s=fashion-womens-intl-ship&sr=1-23,https://www.amazon.com/Valphsio-Womens-Sleeve-Ribbed-Elegant/dp/B08TTCZKS7/ref=sr_1_3?dchild=1&keywords=puff+short+sleeve+tshirt&qid=1622631471&refinements=p_n_size_browse-vebin%3A2343359011&rnid=1040660&s=fashion-womens-intl-ship&sr=1-3
2,jn_8,Dress,E5012A,sleeveless,mini_length,tight,red_lace_dress_48.png,red_lace_dress_62.png,red_lace_dress_3.png,https://www.amazon.com/VEIIASR-Fashion-Sleeveless-Cocktail-Red/dp/B072SKC6VW/ref=sr_1_48?dchild=1&keywords=sleeveless+lace+dress&qid=1622634308&refinements=p_n_size_browse-vebin%3A2343361011&rnid=2343347011&s=fashion-womens-intl-ship&sr=1-48,https://www.amazon.com/Women-Floral-Spaghetti-Strap-Sleeveless/dp/B08YJK3M4X/ref=sr_1_62?dchild=1&keywords=sleeveless+lace+dress&qid=1622634320&refinements=p_n_size_browse-vebin%3A2343361011&rnid=2343347011&s=fashion-womens-intl-ship&sr=1-62,https://www.amazon.com/MUADRESS-Vintage-Sleeveless-Cocktail-Burgundy/dp/B077XRGDPZ/ref=sr_1_3?dchild=1&keywords=sleeveless+lace+dress&qid=1622634308&refinements=p_n_size_browse-vebin%3A2343361011&rnid=2343347011&s=fashion-womens-intl-ship&sr=1-3
3,jn_12,Jeans,9EC5DF,denim,tight,maxi_length,jeans_36.png,jeans_46.png,jeans_25.png,https://www.amazon.com/Levis-Womens-Straight-Jeans-Maui/dp/B07PM2LP5F/ref=sr_1_36?,https://www.amazon.com/Gloria-Vanderbilt-Classic-Tapered-Callisto/dp/B079ZQRDNP/ref=sr_1_46?dchild=1&keywords=jeans&qid=1622598761&s=apparel&sr=1-46,https://www.amazon.com/Riders-Lee-Indigo-Womens-Boyfriend/dp/B0733SN59M/ref=sr_1_25?dchild=1&keywords=jeans&qid=1622598761&s=apparel&sr=1-25
4,jn_18,Joggers,474A3E,loose,cotton,maxi_length,joggers_44.png,joggers_26.png,joggers_48.png,https://www.amazon.com/Nirovien-Elastic-Drawstring-Cropped-Trousers/dp/B0874JSPSR/ref=sr_1_44?dchild=1&keywords=joggers&qid=1622555814&s=apparel&sr=1-44,https://www.amazon.com/Jessica-Simpson-Womens-Utility-Jogger/dp/B087Q1T6XN/ref=sr_1_26?dchild=1&keywords=joggers&qid=1622555814&s=apparel&sr=1-26,https://www.amazon.com/GUYUEQIQIN-Outdoor-Elastic-Waisted-Workout/dp/B07PWNWBR3/ref=sr_1_48?dchild=1&keywords=joggers&qid=1622555814&s=apparel&sr=1-48
5,jn_22,Jumpsuit,99B9E3,denim,mini_length,sleeveless,denim_overalls_50.png,denim_overalls_15.png,denim_overalls_9.png,https://www.amazon.com/WallFlower-Womens-Juniors-InstaSoft-Shortalls/dp/B079Q7SGB6/ref=sr_1_50?dchild=1&keywords=denim+overalls+short&qid=1622562081&rnid=1040660&s=fashion-womens-intl-ship&sr=1-50,https://www.amazon.com/GRAPENT-Womens-Adjustable-Distressed-Overalls/dp/B07SM58RWP/ref=sr_1_15?dchild=1&keywords=denim+overalls+short&qid=1622562070&rnid=1040660&s=fashion-womens-intl-ship&sr=1-15,https://www.amazon.com/luvamia-Womens-Adjustable-Overalls-Overall/dp/B084KY9XPT/ref=sr_1_9?dchild=1&keywords=denim+overalls+short&qid=1622562070&rnid=1040660&s=fashion-womens-intl-ship&sr=1-9
6,jn_29,Cardigan,66564C,long_sleeve,striped,cotton,striped_cardigan_26.png,striped_cardigan_50.png,striped_cardigan_8.png,https://www.amazon.com/Mud-Pie-Womens-Striped-Cardigan/dp/B07RN52597/ref=sr_1_26?dchild=1&keywords=striped+cardigan&qid=1622641130&refinements=p_n_size_browse-vebin%3A2343349011%7C2343363011&rnid=2343347011&s=apparel&sr=1-26,https://www.amazon.com/Polo-Ralph-Lauren-Clothing-Cardigan/dp/B00FRZJK0O/ref=sr_1_50?dchild=1&keywords=striped+cardigan&qid=1622641130&refinements=p_n_size_browse-vebin%3A2343349011%7C2343363011&rnid=2343347011&s=apparel&sr=1-50,https://www.amazon.com/Amazon-Essentials-Crewneck-Cardigan-Sweater/dp/B07F2J8T53/ref=sr_1_8?dchild=1&keywords=striped+cardigan&qid=1622641130&refinements=p_n_size_browse-vebin%3A2343349011%7C2343363011&rnid=2343347011&s=apparel&sr=1-8
7,jn_new_2,Sweater,F22848,long_sleeve,crew_neckline,loose,red_sweater_3.png,red_sweater_10.png,red_sweater_8.png,https://www.amazon.com/Amazon-Essentials-Lightweight-Long-Sleeve-Turtleneck/dp/B08C8H9ZMN/ref=sr_1_3?dchild=1&keywords=sweater&qid=1622705535&refinements=p_n_size_browse-vebin%3A2343361011&rnid=1044456&s=apparel&sr=1-3,https://www.amazon.com/Lucky-Brand-Womens-Bobble-Sweater/dp/B07Y2Q5VQ8/ref=sr_1_10?dchild=1&keywords=sweater&qid=1622705535&refinements=p_n_size_browse-vebin%3A2343361011&rnid=1044456&s=apparel&sr=1-10,https://www.amazon.com/Amazon-Essentials-Lightweight-Boat-Neck-Sweater/dp/B0868KD2QR/ref=sr_1_8?dchild=1&keywords=sweater&qid=1622705535&refinements=p_n_size_browse-vebin%3A2343361011&rnid=1044456&s=apparel&sr=1-8
8,jn_new_4,Dress,F5F6F7,mini_length,long_sleeve,crew_neckline,white_dress_59.png,white_dress_28.png,white_dress_32.png,https://www.amazon.com/LAGSHIAN-Fashion-Peplum-Bodycon-Sleeve/dp/B07SGHFPSF/ref=sr_1_59?dchild=1&keywords=dress&qid=1622706855&refinements=p_n_size_browse-vebin%3A2343363011&rnid=1045024&s=fashion-womens-intl-ship&sr=1-59,https://www.amazon.com/VFSHOW-Off-White-Pleated-Business-Bodycon/dp/B07Y1TXZX7/ref=sr_1_28?dchild=1&keywords=dress&qid=1622706846&refinements=p_n_size_browse-vebin%3A2343363011&rnid=1045024&s=fashion-womens-intl-ship&sr=1-28,https://www.amazon.com/Calvin-Klein-Womens-Chiffon-Popover/dp/B083JY7VGB/ref=sr_1_32?dchild=1&keywords=dress&qid=1622706846&refinements=p_n_size_browse-vebin%3A2343363011&rnid=1045024&s=fashion-womens-intl-ship&sr=1-32
9,jn_new_6,Skirt,201D3D,mini_length,pleated,cotton,tennis_skirt_36.png,tennis_skirt_25.png,tennis_skirt_41.png,https://www.amazon.com/SOLY-HUX-Womens-Elastic-Flared/dp/B089K1FNMS/ref=sr_1_36?dchild=1&keywords=tennis+skirt&qid=1622714937&refinements=p_n_size_browse-vebin%3A2343349011&rnid=2343347011&s=fashion-womens-intl-ship&sr=1-36,https://www.amazon.com/BQTQ-Pleated-School-Uniform-Skirts/dp/B08LQ7HHXM/ref=sr_1_25?dchild=1&keywords=tennis+skirt&qid=1622714937&refinements=p_n_size_browse-vebin%3A2343349011&rnid=2343347011&s=fashion-womens-intl-ship&sr=1-25,https://www.amazon.com/COOrun-Women-Girls-Pleated-School/dp/B08RJQ2NJB/ref=sr_1_41?dchild=1&keywords=tennis+skirt&qid=1622714937&refinements=p_n_size_browse-vebin%3A2343349011&rnid=2343347011&s=fashion-womens-intl-ship&sr=1-41
10,jn_new_8,Blouse,F7F35F,long_sleeve,mini_length,v_neckline,yellow_frill_blouse_2.png,yellow_frill_blouse_4.png,yellow_frill_blouse_35.png,https://www.amazon.com/Romwe-Womens-Casual-Sleeve-Blouse/dp/B087X66PKD/ref=sr_1_2?dchild=1&keywords=frill+blouse&qid=1622716235&refinements=p_n_size_browse-vebin%3A2343364011&rnid=1040660&s=fashion-womens-intl-ship&sr=1-2,https://www.amazon.com/Romwe-Womens-Sleeve-Blouse-Yellow/dp/B087X7FDQH/ref=sr_1_4?dchild=1&keywords=frill+blouse&qid=1622716235&refinements=p_n_size_browse-vebin%3A2343364011&rnid=1040660&s=fashion-womens-intl-ship&sr=1-4,https://www.amazon.com/SheIn-Womens-Sleeve-Ruffle-Peplum/dp/B07PMPZZQL/ref=sr_1_35?dchild=1&keywords=frill+blouse&qid=1622716235&refinements=p_n_size_browse-vebin%3A2343364011&rnid=1040660&s=fashion-womens-intl-ship&sr=1-35
lisa,,,,,,,,,,,,
id,img name,Category,Color,Attribute1,Attribute 2,Attribute 3,Similar_img1,Similar_img2,Similar_img3,URL_1,URL_2,URL_3
1,ls_1,Jeans,2A344D,denim,tight,maxi_length,jeans_50.png,jeans_10.png,jeans_53.png,https://www.amazon.com/Gloria-Vanderbilt-Womens-Classic-Tapered/dp/B079VJZVD3/ref=sr_1_50?dchild=1&keywords=jeans&qid=1622598761&s=apparel&sr=1-50,https://www.amazon.com/Gloria-Vanderbilt-Classic-Tapered-Portland/dp/B073H8C7YN/ref=sr_1_10?dchild=1&keywords=jeans&qid=1622598761&s=apparel&sr=1-10,https://www.amazon.com/LEE-Womens-Sculpting-Slim-Infinity/dp/B07BZZKXP3/ref=sr_1_53?dchild=1&keywords=jeans&qid=1622598761&s=apparel&sr=1-53
2,ls_5,Dress,E90509,short_sleeve,cotton,mini_length,dot_dress_16.png,dot_dress_56.png,dot_dress_12.png,https://www.amazon.com/Romwe-Womens-Stretchy-Flared-Cocktail/dp/B07GYQ6D1J/ref=sr_1_16?dchild=1&keywords=dot+dress&qid=1622541832&s=apparel&sr=1-16,https://www.amazon.com/Berydress-Flattering-Spaghetti-Sundress-6046-Red/dp/B07RRFR62B/ref=sr_1_56?dchild=1&keywords=dot+dress&qid=1622541832&s=apparel&sr=1-56,https://www.amazon.com/Relipop-Summer-Sleeve-Dresses-X-Large/dp/B07DPBT9BJ/ref=sr_1_12?dchild=1&keywords=dot+dress&qid=1622541832&s=apparel&sr=1-12
3,ls_9,Dress,0E1312,tight,mini_length,v_neckline,club_dress_12.png,club_dress_40.png,club_dress_28.png,https://www.amazon.com/BORIFLORS-Womens-Sleeve-Ruched-Bodycon/dp/B07JLBHSHT/ref=sr_1_12?dchild=1&keywords=long+sleeve+dress&qid=1622647361&rnid=2343347011&s=apparel&sr=1-12,https://www.amazon.com/Haola-Womens-Casual-Sleeve-Short/dp/B075HDPKCS/ref=sr_1_40?dchild=1&keywords=long+sleeve+dress&qid=1622647361&rnid=2343347011&s=apparel&sr=1-40,https://www.amazon.com/Mokoru-Womens-Elegant-Bodycon-X-Large/dp/B07XX3MM6S/ref=sr_1_28?dchild=1&keywords=long+sleeve+dress&qid=1622647361&rnid=2343347011&s=apparel&sr=1-28
4,ls_11,Blazer,1A1B1E,solid,long_sleeve,cotton,blazer_790.png,blazer_887.png,blazer_493.png,https://www.amazon.com/FLYCEHN-Blazer-Pocket-Sleeve-Cardigan/dp/B0922KSW51/ref=sr_1_646?dchild=1&keywords=blazer&qid=1622253556&s=apparel&sr=1-646,https://www.amazon.com/Ofenbuy-Womens-Cardigan-Boyfriend-Blazers/dp/B07QJG8HK3/ref=sr_1_725?dchild=1&keywords=blazer&qid=1622253577&s=apparel&sr=1-725,https://www.amazon.com/gp/slredirect/picassoRedirect.html/ref=pa_sp_mtf_fashion-womens-clothing_sr_pg9_1?ie=UTF8&adId=A0288733ZQZROG8Y6NOQ&url=%2FCicy-Bell-Womens-Blazers-Jackets%2Fdp%2FB086SNB3QL%2Fref%3Dsr_1_401_sspa%3Fdchild%3D1%26keywords%3Dblazer%26qid%3D1622253502%26s%3Dapparel%26sr%3D1-401-spons%26psc%3D1%26smid%3DA24PX1KQ5C5Z58&qualifier=1622253502&id=278814025131266&widgetName=sp_mtf
5,ls_14,Jacket,7A9ED1,loose,denim,long_sleeve,jacket_185.png,jacket_767.png,jacket_373.png,https://www.amazon.com/Floerns-Womens-Ripped-Distressed-Casual/dp/B078M7D55N/ref=sr_1_152?dchild=1&keywords=jacket&qid=1622254108&rnid=1040660&s=apparel&sr=1-152,https://www.amazon.com/Zeagoo-Womens-Jackets-Sleeve-Pockets/dp/B089Q6J6TN/ref=sr_1_638?dchild=1&keywords=jacket&qid=1622254219&rnid=1040660&s=apparel&sr=1-638,https://www.amazon.com/Omoone-Womens-Oversized-0199-Denim-Blue-XL/dp/B07RBQRXYV/ref=sr_1_316?dchild=1&keywords=jacket&qid=1622254140&rnid=1040660&s=apparel&sr=1-316
6,ls_new_1,Dress,B7B0AE,mini_length,lattice,square_neckline,overall_dress_36.png,overall_dress_44.png,overall_dress_22.png,https://www.amazon.com/YOINS-Overall-Pinafore-Suspender-Plaid-Yellow/dp/B08B653JSP/ref=sr_1_36?dchild=1&keywords=overall+dress&qid=1622725546&rnid=1040660&s=fashion-womens-intl-ship&sr=1-36,https://www.amazon.com/Allegra-Overalls-Suspender-Pinafore-Christmas/dp/B08CMQ28BR/ref=sr_1_44?dchild=1&keywords=overall+dress&qid=1622725546&rnid=1040660&s=fashion-womens-intl-ship&sr=1-44,https://www.amazon.com/Hooever-Corduroy-Overalls-Pinafore-Jumpsuits%EF%BC%88Black-S%EF%BC%89/dp/B088NTRLYJ/ref=sr_1_22?dchild=1&keywords=overall+dress&qid=1622725546&rnid=1040660&s=fashion-womens-intl-ship&sr=1-22
7,ls_new_4,Tee,F1E8DC,striped,crew_neckline,short_sleeve,striped_tee_18.png,striped_tee_7.png,striped_tee_33.png,https://www.amazon.com/Collar-Sleeve-Striped-Blouse-Streetwear/dp/B08XZ6FBQD/ref=sr_1_18?dchild=1&keywords=striped+short+sleeve+knit&qid=1622719978&rnid=1040660&s=fashion-womens-intl-ship&sr=1-18,https://www.amazon.com/SweatyRocks-Womens-Sleeve-Striped-T-Shirt/dp/B07V9KSG8F/ref=sr_1_7?dchild=1&keywords=striped+short+sleeve+knit&qid=1622719978&rnid=1040660&s=fashion-womens-intl-ship&sr=1-7,https://www.amazon.com/Floerns-Womens-Striped-Sleeve-Multi-2/dp/B089GLR9BW/ref=sr_1_33?dchild=1&keywords=striped+short+sleeve+knit&qid=1622719978&rnid=1040660&s=fashion-womens-intl-ship&sr=1-33
8,ls_new_5,Dress,1A0814,short_sleeve,cotton,v_neckline,dot_dress_57.png,dot_dress_24.png,dot_dress_28.png,https://www.amazon.com/Vintage-Style-Picnic-Dresses-Women/dp/B01E6Z3VCS/ref=sr_1_57?dchild=1&keywords=dot+dress&qid=1622541832&s=apparel&sr=1-57,https://www.amazon.com/Nemidor-Womens-Ruffle-Sleeve-Jersey/dp/B07RYS33PC/ref=sr_1_24?dchild=1&keywords=dot+dress&qid=1622541832&s=apparel&sr=1-24,https://www.amazon.com/Romwe-Womens-Comfy-Swing-Sleeve/dp/B086945XB7/ref=sr_1_28?dchild=1&keywords=dot+dress&qid=1622541832&s=apparel&sr=1-28
9,ls_new_6,Dress,F7F4F7,short_sleeve,mini_length,cotton,white_lace_dress_56.png,white_lace_dress_50.png,white_lace_dress_46.png,https://www.amazon.com/BCBGeneration-Womens-Inset-Dress-Optic/dp/B07PCHQKXR/ref=sr_1_56?dchild=1&keywords=lace+dress&qid=1622719033&refinements=p_n_size_browse-vebin%3A2343363011&rnid=1040660&s=fashion-womens-intl-ship&sr=1-56,https://www.amazon.com/HAOKEKE-Sleeves-Patchwork-Chiffon-Pleated/dp/B08T1M2F4H/ref=sr_1_50?dchild=1&keywords=lace+dress&qid=1622719033&refinements=p_n_size_browse-vebin%3A2343363011&rnid=1040660&s=fashion-womens-intl-ship&sr=1-50,https://www.amazon.com/HAOKEKE-Women-Summer-Ceremoney-Pleated/dp/B093PVVF6C/ref=sr_1_46?dchild=1&keywords=lace+dress&qid=1622719023&refinements=p_n_size_browse-vebin%3A2343363011&rnid=1040660&s=fashion-womens-intl-ship&sr=1-46
10,ls_new_9,Blouse,F5F3F4,long_sleeve,tight,square_neckline,shirred_blouse_2.png,shirred_blouse_24.png,shirred_blouse_11.png,https://www.amazon.com/CNJFJ-Womens-Square-Sleeve-Shirred/dp/B07S2328S7/ref=sr_1_2?dchild=1&keywords=Square+Neck+Long+Sleeve+Shirred+Blouse&qid=1622724397&rnid=2343347011&s=apparel&sr=1-2,https://www.amazon.com/JQJ-Womens-Square-Blouse-Chiffon/dp/B08R5LYBZB/ref=sr_1_24?dchild=1&keywords=Square+Neck+Long+Sleeve+Shirred+Blouse&qid=1622724397&rnid=2343347011&s=apparel&sr=1-24,https://www.amazon.com/SAIKESIGIRL-Smocked-Chiffon-Blouses-X-Large/dp/B085WRZCGR/ref=sr_1_11?dchild=1&keywords=Square+Neck+Long+Sleeve+Shirred+Blouse&qid=1622724397&rnid=2343347011&s=apparel&sr=1-11
rose,,,,,,,,,,,,
id,img name,Category,Color,Attribute1,Attribute 2,Attribute 3,Similar_img1,Similar_img2,Similar_img3,URL_1,URL_2,URL_3
1,rs_1,Jacket,A78E68,solid,long_sleeve,cotton,camel_coat_44.png,camel_coat_17.png,camel_coat_8.png,https://www.amazon.com/Creme-Women%60s-Winter-Cashmere-Collar/dp/B074LQPYPL/ref=sr_1_44?dchild=1&keywords=camel+wool+coat&qid=1622648733&rnid=1044646&s=fashion-womens-intl-ship&sr=1-44,https://www.amazon.com/Amazon-Brand-Ritual-Womens-Herringbone/dp/B07PBXQJ15/ref=sr_1_17?dchild=1&keywords=camel+wool+coat&qid=1622648733&rnid=1044646&s=fashion-womens-intl-ship&sr=1-17,https://www.amazon.com/Allegra-Womens-Classic-Collar-Sleeve/dp/B07TXFQV4L/ref=sr_1_8?dchild=1&keywords=camel+wool+coat&qid=1622648733&rnid=1044646&s=fashion-womens-intl-ship&sr=1-8
2,rs_8,Blouse,8897B9,long_sleeve,tight,cotton,oxford_shirt_12.png,oxford_shirt_16.png,oxford_shirt_7.png,https://www.amazon.com/Womens-Formal-Simple-225Light-Blue/dp/B0771S58TM/ref=sr_1_12?dchild=1&keywords=oxford+shirt&qid=1622596456&rnid=1040660&s=fashion-womens-intl-ship&sr=1-12,https://www.amazon.com/OMSJ-Button-Shirts-Chiffon-Blouses/dp/B07RGSWN94/ref=sr_1_16?dchild=1&keywords=oxford+shirt&qid=1622596456&rnid=1040660&s=fashion-womens-intl-ship&sr=1-16,https://www.amazon.com/Polo-Ralph-Lauren-Womens-X-Large/dp/B07FB6CB21/ref=sr_1_7?dchild=1&keywords=oxford+shirt&qid=1622596456&rnid=1040660&s=fashion-womens-intl-ship&sr=1-7
3,rs_9,Blouse,FAFAFA,cotton,tight,short_sleeve,white_short_sleeve_shirt_4.png,white_short_sleeve_shirt_5.png,white_short_sleeve_shirt_30.png,https://www.amazon.com/gp/slredirect/picassoRedirect.html/ref=pa_sp_atf_fashion-womens-clothing_sr_pg1_1?ie=UTF8&adId=A0435227JAVUB7LITC3H&url=%2FROMWE-Womens-Casual-Sleeve-Button%2Fdp%2FB07Q799CB7%2Fref%3Dsr_1_4_sspa%3Fdchild%3D1%26keywords%3Dshort%2Bsleeve%2Bbutton%2Bshirt%26qid%3D1622650424%26refinements%3Dp_n_size_browse-vebin%253A2343363011%26rnid%3D2343347011%26s%3Dapparel%26sr%3D1-4-spons%26psc%3D1%26smid%3DA19FFR8R0QPQHY&qualifier=1622650424&id=4956642616908034&widgetName=sp_atf,https://www.amazon.com/Dickies-Womens-Stretch-Poplin-Button-Up/dp/B07NMLYTJX/ref=sr_1_5?dchild=1&keywords=short+sleeve+button+shirt&qid=1622650424&refinements=p_n_size_browse-vebin%3A2343363011&rnid=2343347011&s=apparel&sr=1-5,https://www.amazon.com/SUNNOW-Womens-Tailored-Button-Down-Stretch/dp/B01H4PIKPU/ref=sr_1_30?dchild=1&keywords=short+sleeve+button+shirt&qid=1622650424&refinements=p_n_size_browse-vebin%3A2343363011&rnid=2343347011&s=apparel&sr=1-30
4,rs_15,Blouse,5D3D39,mini_length,square_neckline,short_sleeve,brown_crop_blouse_24.png,brown_crop_blouse_28.png,brown_crop_blouse_26.png,https://www.amazon.com/WT1731-Womens-Short-Sleeve-Unique/dp/B07QYQ3JT7/ref=sr_1_24?dchild=1&keywords=crop+short+sleeve+blouse&qid=1622651918&refinements=p_n_size_browse-vebin%3A2343351011&rnid=2343347011&s=fashion-womens-intl-ship&sr=1-24,https://www.amazon.com/SINRGAN-Womens-Short-Sleeve-Bandage/dp/B085HX5N4X/ref=sr_1_28?dchild=1&keywords=crop+short+sleeve+blouse&qid=1622651918&refinements=p_n_size_browse-vebin%3A2343351011&rnid=2343347011&s=fashion-womens-intl-ship&sr=1-28,https://www.amazon.com/WDIRARA-Womens-Short-Sleeve-Front/dp/B08J84LL98/ref=sr_1_26?dchild=1&keywords=crop+short+sleeve+blouse&qid=1622651918&refinements=p_n_size_browse-vebin%3A2343351011&rnid=2343347011&s=fashion-womens-intl-ship&sr=1-26
5,rs_18,Dress,F9F9F9,tight,no_neckline,mini_length,white_off_shoulder_dress_6.png,white_off_shoulder_dress_17.png,white_off_shoulder_dress_1.png,https://www.amazon.com/ZANZEA-Womens-Shoulder-Chiffon-Ruffle/dp/B01E9TYDH8/ref=sr_1_6?dchild=1&keywords=Off+Shoulder+Dress&qid=1622653432&refinements=p_n_size_browse-vebin%3A2343363011&rnid=2343347011&s=apparel&sr=1-6,https://www.amazon.com/Sarin-Mathews-Shoulder-Sleeve-Cocktail/dp/B06Y2ZD4FR/ref=sr_1_17?dchild=1&keywords=Off+Shoulder+Dress&qid=1622653432&refinements=p_n_size_browse-vebin%3A2343363011&rnid=2343347011&s=apparel&sr=1-17,https://www.amazon.com/gp/slredirect/picassoRedirect.html/ref=pa_sp_atf_fashion-womens-clothing_sr_pg1_1?ie=UTF8&adId=A09519793NNK5HG74MWD8&url=%2FMilumia-Womens-Shoulder-Ruffles-Shift%2Fdp%2FB01MPWWEJR%2Fref%3Dsr_1_1_sspa%3Fdchild%3D1%26keywords%3DOff%2BShoulder%2BDress%26qid%3D1622653432%26refinements%3Dp_n_size_browse-vebin%253A2343363011%26rnid%3D2343347011%26s%3Dapparel%26sr%3D1-1-spons%26psc%3D1%26smid%3DA2KPDXISH6B8UO&qualifier=1622653432&id=6954210821742902&widgetName=sp_atf
6,rs_new_2,Tee,03100C,tight,mini_length,crew_neckline,black_crop_tee_60.png,black_crop_tee_17.png,black_crop_tee_8.png,https://www.amazon.com/gp/slredirect/picassoRedirect.html/ref=pa_sp_btf_fashion-womens-clothing_sr_pg1_1?ie=UTF8&adId=A0921344535M3LD7IRPE&url=%2FMuzniuer-Sleeve-Basic-Solid-Thumb%2Fdp%2FB08NHPYQ2J%2Fref%3Dsr_1_60_sspa%3Fdchild%3D1%26keywords%3Dcrop%2Btee%26qid%3D1622728424%26refinements%3Dp_n_size_browse-vebin%253A2343349011%26rnid%3D2343347011%26s%3Dapparel%26sr%3D1-60-spons%26psc%3D1&qualifier=1622728424&id=832031620963945&widgetName=sp_btf,https://www.amazon.com/gp/slredirect/picassoRedirect.html/ref=pa_sp_mtf_fashion-womens-clothing_sr_pg1_1?ie=UTF8&adId=A060937020M14FTEOKRXM&url=%2FWomens-Black-Summer-Trendy-Medium%2Fdp%2FB08VDMHGJC%2Fref%3Dsr_1_17_sspa%3Fdchild%3D1%26keywords%3Dcrop%2Btee%26qid%3D1622728424%26refinements%3Dp_n_size_browse-vebin%253A2343349011%26rnid%3D2343347011%26s%3Dapparel%26sr%3D1-17-spons%26psc%3D1&qualifier=1622728424&id=832031620963945&widgetName=sp_mtf,https://www.amazon.com/SheIn-Womens-Print-Sleeve-T-Shirt/dp/B07S73FYBZ/ref=sr_1_8?dchild=1&keywords=crop+tee&qid=1622728424&refinements=p_n_size_browse-vebin%3A2343349011&rnid=2343347011&s=apparel&sr=1-8
7,rs_new_7,Tee,FF9306,long_sleeve,tight,crew_neckline,yellow_cardigan_45.png,yellow_cardigan_17.png,yellow_cardigan_43.png,https://www.amazon.com/Urban-CoCo-Cropped-Cardigan-Sweater/dp/B08ZS51VVD/ref=sr_1_45?dchild=1&keywords=crop+cardigan&qid=1622790709&refinements=p_n_size_browse-vebin%3A2343358011%7C2343364011&rnid=2343347011&s=apparel&sr=1-45,https://www.amazon.com/BIADANI-Classic-Sleeve-Cardigan-Mustard/dp/B079S392QG/ref=sr_1_17?dchild=1&keywords=crop+cardigan&qid=1622790709&refinements=p_n_size_browse-vebin%3A2343358011%7C2343364011&rnid=2343347011&s=apparel&sr=1-17,https://www.amazon.com/Urban-Look-Womens-Sweater-Cardigan/dp/B07GC9NMV3/ref=sr_1_43?dchild=1&keywords=crop+cardigan&qid=1622790709&refinements=p_n_size_browse-vebin%3A2343358011%7C2343364011&rnid=2343347011&s=apparel&sr=1-43
8,rs_new_8,Dress,FF9FF4,long_sleeve,mini_length,chiffon,pink_ruffle_dress_10.png,pink_ruffle_dress_43.png,pink_ruffle_dress_15.png,https://www.amazon.com/Rixdas-Womens-V-Neck-Sleeve-Ruffle/dp/B0928RTQTL/ref=sr_1_10?dchild=1&keywords=ruffle+dress&qid=1622792395&refinements=p_n_size_browse-vebin%3A2343359011&rnid=2343347011&s=apparel&sr=1-10,https://www.amazon.com/Relipop-Womens-Belted-Fishtail-Dresses/dp/B082ZX7Q5Q/ref=sr_1_43?dchild=1&keywords=ruffle+dress&qid=1622792395&refinements=p_n_size_browse-vebin%3A2343359011&rnid=2343347011&s=apparel&sr=1-43,https://www.amazon.com/gp/slredirect/picassoRedirect.html/ref=pa_sp_mtf_fashion-womens-clothing_sr_pg1_1?ie=UTF8&adId=A000822336Y38ZOH5OB2K&url=%2FMeenew-Women-Sleeve-Ruffle-Flared%2Fdp%2FB08XXQVJB5%2Fref%3Dsr_1_15_sspa%3Fdchild%3D1%26keywords%3Druffle%2Bdress%26qid%3D1622792395%26refinements%3Dp_n_size_browse-vebin%253A2343359011%26rnid%3D2343347011%26s%3Dapparel%26sr%3D1-15-spons%26psc%3D1&qualifier=1622792395&id=787479865107063&widgetName=sp_mtf
9,rs_new_9,Skirt,FDFDFD,tight,mini_length,pleated,white_mini_skirt_28.png,white_mini_skirt_10.png,white_mini_skirt_1.png,https://www.amazon.com/WB669-Womens-Versatile-Strechy-Skater/dp/B00KZ1BZFS/ref=sr_1_28?dchild=1&keywords=skirt&qid=1622802881&refinements=p_n_feature_two_browse-bin%3A11006707011%2Cp_n_size_browse-vebin%3A2343363011&rnid=2343347011&s=fashion-womens-intl-ship&sr=1-28,https://www.amazon.com/BB-Dakota-Womens-Denim-Waisted/dp/B085DCWX7C/ref=sr_1_10?dchild=1&keywords=skirt&qid=1622802881&refinements=p_n_feature_two_browse-bin%3A11006707011%2Cp_n_size_browse-vebin%3A2343363011&rnid=2343347011&s=fashion-womens-intl-ship&sr=1-10,https://www.amazon.com/SheIn-Womens-Shirred-Layered-Ruffle/dp/B07TCGLZ6Z/ref=sr_1_1?dchild=1&keywords=skirt&qid=1622802881&refinements=p_n_feature_two_browse-bin%3A11006707011%2Cp_n_size_browse-vebin%3A2343363011&rnid=2343347011&s=fashion-womens-intl-ship&sr=1-1
10,rs_new_10,Dress,FCFF00,sleeveless,mini_length,tight,yellow_sleeveless_dress_38.png,yellow_sleeveless_dress_16.png,yellow_sleeveless_dress_1.png,https://www.amazon.com/MSBASIC-Womens-Floral-Sleeveless-Dresses/dp/B08V4WT22X/ref=sr_1_38?dchild=1&keywords=sleeveless+dress&qid=1622793689&refinements=p_n_size_browse-vebin%3A2343364011&rnid=2343347011&s=apparel&sr=1-38,https://www.amazon.com/gp/slredirect/picassoRedirect.html/ref=pa_sp_mtf_fashion-womens-clothing_sr_pg1_1?ie=UTF8&adId=A08513053F7L028AQVQ5E&url=%2FSylanfia-Bodycon-Spaghetti-Sleeveless-Dresses%2Fdp%2FB08VRP95SJ%2Fref%3Dsr_1_16_sspa%3Fdchild%3D1%26keywords%3Dsleeveless%2Bdress%26qid%3D1622793689%26refinements%3Dp_n_size_browse-vebin%253A2343364011%26rnid%3D2343347011%26s%3Dapparel%26sr%3D1-16-spons%26psc%3D1&qualifier=1622793689&id=5960355152310716&widgetName=sp_mtf,https://www.amazon.com/gp/slredirect/picassoRedirect.html/ref=pa_sp_atf_fashion-womens-clothing_sr_pg1_1?ie=UTF8&adId=A0224149147BLDXRXHS1F&url=%2FWDR2357-Women-Sleeveless-Casual-Mustard%2Fdp%2FB08P2BHC6W%2Fref%3Dsr_1_1_sspa%3Fdchild%3D1%26keywords%3Dsleeveless%2Bdress%26qid%3D1622793689%26refinements%3Dp_n_size_browse-vebin%253A2343364011%26rnid%3D2343347011%26s%3Dapparel%26sr%3D1-1-spons%26psc%3D1&qualifier=1622793689&id=5960355152310716&widgetName=sp_atf